id,title,category
1,Sample Article 1,Programming
2,Sample Article 2,Entertainment
3,Sample Article 3,Sports
4,Sample Article 4,Health
5,Sample Article 5,Travel
6,Sample Article 6,Travel
7,Sample Article 7,Food
8,Sample Article 8,Sports
9,Sample Article 9,Entertainment
10,Sample Article 10,Technology
11,Sample Article 11,
12,Sample Article 12,Entertainment
13,Sample Article 13,Programming
14,Sample Article 14,Entertainment
15,,Entertainment
16,,Programming
17,Sample Article 17,Sports
18,Sample Article 18,Programming
19,Sample Article 19,Finance
20,Sample Article 20,Health
21,Sample Article 21,Travel
22,Sample Article 22,Programming
23,Sample Article 23,Programming
24,Sample Article 24,Sports
25,Sample Article 25,Food
26,Sample Article 26,Sports
27,Sample Article 27,Technology
28,Sample Article 28,Food
29,Sample Article 29,Health
30,Sample Article 30,Finance
31,Sample Article 31,Sports
32,Sample Article 32,
33,Sample Article 33,Travel
34,Sample Article 34,
35,Sample Article 35,Finance
36,Sample Article 36,Food
37,Sample Article 37,Technology
38,Sample Article 38,Finance
39,Sample Article 39,Education
40,Sample Article 40,Entertainment
41,Sample Article 41,Technology
42,Sample Article 42,Technology
43,Sample Article 43,Travel
44,Sample Article 44,Sports
45,Sample Article 45,Travel
46,Sample Article 46,Technology
47,Sample Article 47,
48,Sample Article 48,Programming
49,,
50,Sample Article 50,Food
